Lcom/amap/api/services/a/ay;,getFromLocation,"('Location',)"
Lcom/amap/api/services/a/ay;,getFromLocationAsyn,"('Location',)"
Lcom/amap/api/services/a/ay;,getFromLocationName,"('Location',)"
Lcom/amap/api/services/a/ay;,getFromLocationNameAsyn,"('Location',)"
Lcom/amap/api/services/a/bd;,calculateRideRoute,"('id',)"
Lcom/amap/api/services/a/bd;,calculateRideRouteAsyn,"('id',)"
Lcom/amap/api/services/a/be;,searchBusRouteShareUrl,"('Share',)"
Lcom/amap/api/services/a/be;,searchBusRouteShareUrlAsyn,"('Share',)"
Lcom/amap/api/services/a/be;,searchDrivingRouteShareUrl,"('Share',)"
Lcom/amap/api/services/a/be;,searchDrivingRouteShareUrlAsyn,"('Share',)"
Lcom/amap/api/services/a/be;,searchLocationShareUrl,"('Location',)"
Lcom/amap/api/services/a/be;,searchLocationShareUrlAsyn,"('Location',)"
Lcom/amap/api/services/a/be;,searchNaviShareUrl,"('Share',)"
Lcom/amap/api/services/a/be;,searchNaviShareUrlAsyn,"('Share',)"
Lcom/amap/api/services/a/be;,searchPoiShareUrl,"('Share',)"
Lcom/amap/api/services/a/be;,searchPoiShareUrlAsyn,"('Share',)"
Lcom/amap/api/services/a/be;,searchWalkRouteShareUrl,"('Share',)"
Lcom/amap/api/services/a/be;,searchWalkRouteShareUrlAsyn,"('Share',)"
Lcom/amap/api/services/a/be;,setOnShareSearchListener,"('Share',)"
Lcom/amap/api/services/busline/BusLineItem;,getBasicPrice,"('Price',)"
Lcom/amap/api/services/busline/BusLineItem;,getBusCompany,"('Company',)"
Lcom/amap/api/services/busline/BusLineItem;,getTotalPrice,"('Price',)"
Lcom/amap/api/services/busline/BusLineItem;,setBasicPrice,"('Price',)"
Lcom/amap/api/services/busline/BusLineItem;,setBusCompany,"('Company',)"
Lcom/amap/api/services/busline/BusLineItem;,setTotalPrice,"('Price',)"
Lcom/amap/api/services/core/LatLonSharePoint;,getSharePointName,"('Share',)"
Lcom/amap/api/services/core/LatLonSharePoint;,setSharePointName,"('Share',)"
Lcom/amap/api/services/core/ServiceSettings;,getConnectionTimeOut,"('Connection',)"
Lcom/amap/api/services/core/ServiceSettings;,setConnectionTimeOut,"('Connection',)"
Lcom/amap/api/services/geocoder/AoiItem;,setLocation,"('Location',)"
Lcom/amap/api/services/geocoder/GeocodeAddress;,getFormatAddress,"('Address',)"
Lcom/amap/api/services/geocoder/GeocodeAddress;,setFormatAddress,"('Address',)"
Lcom/amap/api/services/geocoder/GeocodeQuery;,getLocationName,"('Location',)"
Lcom/amap/api/services/geocoder/GeocodeQuery;,setLocationName,"('Location',)"
Lcom/amap/api/services/geocoder/GeocodeResult;,getGeocodeAddressList,"('Address',)"
Lcom/amap/api/services/geocoder/GeocodeResult;,setGeocodeAddressList,"('Address',)"
Lcom/amap/api/services/geocoder/GeocodeSearch;,getFromLocation,"('Location',)"
Lcom/amap/api/services/geocoder/GeocodeSearch;,getFromLocationAsyn,"('Location',)"
Lcom/amap/api/services/geocoder/GeocodeSearch;,getFromLocationName,"('Location',)"
Lcom/amap/api/services/geocoder/GeocodeSearch;,getFromLocationNameAsyn,"('Location',)"
Lcom/amap/api/services/geocoder/RegeocodeAddress;,getFormatAddress,"('Address',)"
Lcom/amap/api/services/geocoder/RegeocodeAddress;,setFormatAddress,"('Address',)"
Lcom/amap/api/services/geocoder/RegeocodeResult;,getRegeocodeAddress,"('Address',)"
Lcom/amap/api/services/geocoder/RegeocodeResult;,setRegeocodeAddress,"('Address',)"
Lcom/amap/api/services/help/InputtipsQuery;,getLocation,"('Location',)"
Lcom/amap/api/services/help/InputtipsQuery;,setLocation,"('Location',)"
Lcom/amap/api/services/help/Tip;,getAddress,"('Address',)"
Lcom/amap/api/services/help/Tip;,setAddress,"('Address',)"
Lcom/amap/api/services/interfaces/IGeocodeSearch;,getFromLocation,"('Location',)"
Lcom/amap/api/services/interfaces/IGeocodeSearch;,getFromLocationAsyn,"('Location',)"
Lcom/amap/api/services/interfaces/IGeocodeSearch;,getFromLocationName,"('Location',)"
Lcom/amap/api/services/interfaces/IGeocodeSearch;,getFromLocationNameAsyn,"('Location',)"
Lcom/amap/api/services/interfaces/IRouteSearch;,calculateRideRoute,"('id',)"
Lcom/amap/api/services/interfaces/IRouteSearch;,calculateRideRouteAsyn,"('id',)"
Lcom/amap/api/services/interfaces/IShareSearch;,searchBusRouteShareUrl,"('Share',)"
Lcom/amap/api/services/interfaces/IShareSearch;,searchBusRouteShareUrlAsyn,"('Share',)"
Lcom/amap/api/services/interfaces/IShareSearch;,searchDrivingRouteShareUrl,"('Share',)"
Lcom/amap/api/services/interfaces/IShareSearch;,searchDrivingRouteShareUrlAsyn,"('Share',)"
Lcom/amap/api/services/interfaces/IShareSearch;,searchLocationShareUrl,"('Location',)"
Lcom/amap/api/services/interfaces/IShareSearch;,searchLocationShareUrlAsyn,"('Location',)"
Lcom/amap/api/services/interfaces/IShareSearch;,searchNaviShareUrl,"('Share',)"
Lcom/amap/api/services/interfaces/IShareSearch;,searchNaviShareUrlAsyn,"('Share',)"
Lcom/amap/api/services/interfaces/IShareSearch;,searchPoiShareUrl,"('Share',)"
Lcom/amap/api/services/interfaces/IShareSearch;,searchPoiShareUrlAsyn,"('Share',)"
Lcom/amap/api/services/interfaces/IShareSearch;,searchWalkRouteShareUrl,"('Share',)"
Lcom/amap/api/services/interfaces/IShareSearch;,searchWalkRouteShareUrlAsyn,"('Share',)"
Lcom/amap/api/services/interfaces/IShareSearch;,setOnShareSearchListener,"('Share',)"
Lcom/amap/api/services/poisearch/PoiSearch$Query;,getLocation,"('Location',)"
Lcom/amap/api/services/poisearch/PoiSearch$Query;,setLocation,"('Location',)"
Lcom/amap/api/services/road/Road;,getRoadWidth,"('ad', 'id')"
Lcom/amap/api/services/road/Road;,setRoadWidth,"('ad', 'id')"
Lcom/amap/api/services/route/RailwayStationItem;,getLocation,"('Location',)"
Lcom/amap/api/services/route/RailwayStationItem;,setLocation,"('Location',)"
Lcom/amap/api/services/route/RideRouteResult;,getRideQuery,"('id',)"
Lcom/amap/api/services/route/RideRouteResult;,setRideQuery,"('id',)"
Lcom/amap/api/services/route/RouteSearch$DriveRouteQuery;,getAvoidRoad,"('ad', 'id')"
Lcom/amap/api/services/route/RouteSearch$DriveRouteQuery;,getAvoidpolygons,"('id',)"
Lcom/amap/api/services/route/RouteSearch$DriveRouteQuery;,getAvoidpolygonsStr,"('id',)"
Lcom/amap/api/services/route/RouteSearch$DriveRouteQuery;,hasAvoidRoad,"('ad', 'id')"
Lcom/amap/api/services/route/RouteSearch$DriveRouteQuery;,hasAvoidpolygons,"('id',)"
Lcom/amap/api/services/route/RouteSearch$OnRouteSearchListener;,onRideRouteSearched,"('id',)"
Lcom/amap/api/services/route/RouteSearch$TruckRouteQuery;,getTruckHeight,"('Height',)"
Lcom/amap/api/services/route/RouteSearch$TruckRouteQuery;,getTruckWeight,"('Weight',)"
Lcom/amap/api/services/route/RouteSearch$TruckRouteQuery;,getTruckWidth,"('id',)"
Lcom/amap/api/services/route/RouteSearch$TruckRouteQuery;,setTruckHeight,"('Height',)"
Lcom/amap/api/services/route/RouteSearch$TruckRouteQuery;,setTruckWeight,"('Weight',)"
Lcom/amap/api/services/route/RouteSearch$TruckRouteQuery;,setTruckWidth,"('id',)"
Lcom/amap/api/services/route/RouteSearch;,calculateRideRoute,"('id',)"
Lcom/amap/api/services/route/RouteSearch;,calculateRideRouteAsyn,"('id',)"
Lcom/amap/api/services/route/TaxiItem;,getmSname,"('name',)"
Lcom/amap/api/services/route/TaxiItem;,getmTname,"('name',)"
Lcom/amap/api/services/route/TaxiItem;,setSname,"('name',)"
Lcom/amap/api/services/route/TaxiItem;,setTname,"('name',)"
Lcom/amap/api/services/share/ShareSearch$OnShareSearchListener;,onBusRouteShareUrlSearched,"('Share',)"
Lcom/amap/api/services/share/ShareSearch$OnShareSearchListener;,onDrivingRouteShareUrlSearched,"('Share',)"
Lcom/amap/api/services/share/ShareSearch$OnShareSearchListener;,onLocationShareUrlSearched,"('Location',)"
Lcom/amap/api/services/share/ShareSearch$OnShareSearchListener;,onNaviShareUrlSearched,"('Share',)"
Lcom/amap/api/services/share/ShareSearch$OnShareSearchListener;,onPoiShareUrlSearched,"('Share',)"
Lcom/amap/api/services/share/ShareSearch$OnShareSearchListener;,onWalkRouteShareUrlSearched,"('Share',)"
Lcom/amap/api/services/share/ShareSearch$ShareBusRouteQuery;,getShareFromAndTo,"('Share',)"
Lcom/amap/api/services/share/ShareSearch$ShareDrivingRouteQuery;,getShareFromAndTo,"('Share',)"
Lcom/amap/api/services/share/ShareSearch$ShareWalkRouteQuery;,getShareFromAndTo,"('Share',)"
Lcom/amap/api/services/share/ShareSearch;,searchBusRouteShareUrl,"('Share',)"
Lcom/amap/api/services/share/ShareSearch;,searchBusRouteShareUrlAsyn,"('Share',)"
Lcom/amap/api/services/share/ShareSearch;,searchDrivingRouteShareUrl,"('Share',)"
Lcom/amap/api/services/share/ShareSearch;,searchDrivingRouteShareUrlAsyn,"('Share',)"
Lcom/amap/api/services/share/ShareSearch;,searchLocationShareUrl,"('Location',)"
Lcom/amap/api/services/share/ShareSearch;,searchLocationShareUrlAsyn,"('Location',)"
Lcom/amap/api/services/share/ShareSearch;,searchNaviShareUrl,"('Share',)"
Lcom/amap/api/services/share/ShareSearch;,searchNaviShareUrlAsyn,"('Share',)"
Lcom/amap/api/services/share/ShareSearch;,searchPoiShareUrl,"('Share',)"
Lcom/amap/api/services/share/ShareSearch;,searchPoiShareUrlAsyn,"('Share',)"
Lcom/amap/api/services/share/ShareSearch;,searchWalkRouteShareUrl,"('Share',)"
Lcom/amap/api/services/share/ShareSearch;,searchWalkRouteShareUrlAsyn,"('Share',)"
Lcom/amap/api/services/share/ShareSearch;,setOnShareSearchListener,"('Share',)"
Lcom/amap/api/services/weather/LocalWeatherLive;,getHumidity,"('id',)"
Lcom/amap/api/services/weather/LocalWeatherLive;,setHumidity,"('id',)"
Lorg/json/JSONObject;,names,"('name',)"
