Lcom/my/target/InstreamResearch;,trackEvent,['GeneralLogEvent']
Lcom/my/target/ads/InterstitialAd$InterstitialAdListener;,onClick,['Click']
Lcom/my/target/ads/InterstitialSliderAd$InterstitialSliderAdListener;,onClick,['Click']
Lcom/my/target/ads/MyTargetView$MyTargetViewListener;,onClick,['Click']
Lcom/my/target/by;,getLocationOnScreen,['Location']
Lcom/my/target/by;,setClicked,['Click']
Lcom/my/target/cb$a;,onClick,['Click']
Lcom/my/target/common/CustomParams;,getGender,['Gender']
Lcom/my/target/common/CustomParams;,getMrgsUserId,['UserID']
Lcom/my/target/common/CustomParams;,setGender,['Gender']
Lcom/my/target/common/CustomParams;,setMrgsUserId,['UserID']
Lcom/my/target/core/controllers/a$1;,onClick,['Click']
Lcom/my/target/core/engines/a$b;,onClick,['Click']
Lcom/my/target/core/models/banners/e;,setCloseOnClick,['Click']
Lcom/my/target/core/models/banners/i;,setCloseOnClick,['Click']
Lcom/my/target/core/presenters/b$1;,onClick,['Click']
Lcom/my/target/core/presenters/f$a;,onClick,['Click']
Lcom/my/target/core/presenters/g$1;,onClick,['Click']
Lcom/my/target/core/presenters/g$2;,onClick,['Click']
Lcom/my/target/core/presenters/h;,onCloseClicked,['Click']
Lcom/my/target/core/presenters/k$a;,onClick,['Click']
Lcom/my/target/core/presenters/l$2;,onClick,['Click']
Lcom/my/target/cz$a;,onClick,['Click']
Lcom/my/target/cz$c;,onClick,['Click']
Lcom/my/target/dd$a;,onClick,['Click']
Lcom/my/target/df$a;,onClick,['Click']
Lcom/my/target/dl;,getLocationOnScreen,['Location']
Lcom/my/target/ee$2;,onClick,['Click']
Lcom/my/target/ee$3;,onClick,['Click']
Lcom/my/target/ee$a;,onClick,['Click']
Lcom/my/target/ef$a;,onClick,['Click']
Lcom/my/target/ek$b;,onClick,['Click']
Lcom/my/target/em$1;,onClick,['Click']
Lcom/my/target/em$a;,onClick,['Click']
Lcom/my/target/em$b;,onClick,['Click']
Lcom/my/target/em$d;,onClick,['Click']
Lcom/my/target/ep$1;,onClick,['Click']
Lcom/my/target/ep$2;,onClick,['Click']
Lcom/my/target/eq$1;,onClick,['Click']
Lcom/my/target/ev$a;,onClick,['Click']
Lcom/my/target/fc$1;,onClick,['Click']
Lcom/my/target/nativeads/NativeAd$NativeAdListener;,onClick,['Click']
Lcom/my/target/nativeads/NativeAppwallAd$AppwallAdListener;,onClick,['Click']
Lcom/my/target/nativeads/views/ContentStreamCardView$1;,onClick,['Click']
Lcom/my/target/nativeads/views/PromoCardRecyclerView$1;,onClick,['Click']
