Lcom/vungle/warren/VungleApiClient;,updateIMEI,['IMEI']
Lcom/vungle/warren/model/Report;,getUserID,['UserID']
Lcom/vungle/warren/ui/VungleWebViewActivity$1;,onClick,['Click']
Lcom/vungle/warren/ui/presenter/LocalAdPresenter$3;,onClick,['Click']
Lcom/vungle/warren/ui/presenter/LocalAdPresenter$4;,onClick,['Click']
Lcom/vungle/warren/ui/view/BaseAdView$2;,onClick,['Click']
Lcom/vungle/warren/ui/view/BaseAdView$DialogClickListenerProxy;,onClick,['Click']
Lcom/vungle/warren/ui/view/FullAdWidget$6;,onClick,['Click']
Lcom/vungle/warren/ui/view/FullAdWidget$OnItemClickListener;,onItemClicked,['Click']
Lcom/vungle/warren/ui/view/LocalAdView$1;,onItemClicked,['Click']
