Lcom/urbanairship/UAirship;,getLocationClient,['Location']
Lcom/urbanairship/iam/Audience$Builder;,setLocationOptIn,['Location']
Lcom/urbanairship/iam/Audience;,getLocationOptIn,['Location']
Lcom/urbanairship/iam/ResolutionInfo;,messageClicked,['Click']
Lcom/urbanairship/iam/banner/BannerAdapter$3;,onBannerClicked,['Click']
Lcom/urbanairship/iam/banner/BannerAdapter$3;,onButtonClicked,['Click']
Lcom/urbanairship/iam/banner/BannerView$Listener;,onBannerClicked,['Click']
Lcom/urbanairship/iam/banner/BannerView$Listener;,onButtonClicked,['Click']
Lcom/urbanairship/iam/banner/BannerView;,onButtonClicked,['Click']
Lcom/urbanairship/iam/banner/BannerView;,onClick,['Click']
Lcom/urbanairship/iam/fullscreen/FullScreenActivity$1;,onClick,['Click']
Lcom/urbanairship/iam/fullscreen/FullScreenActivity$2;,onClick,['Click']
Lcom/urbanairship/iam/fullscreen/FullScreenActivity;,onButtonClicked,['Click']
Lcom/urbanairship/iam/html/HtmlActivity$4;,onClick,['Click']
Lcom/urbanairship/iam/modal/ModalActivity$1;,onClick,['Click']
Lcom/urbanairship/iam/modal/ModalActivity$2;,onClick,['Click']
Lcom/urbanairship/iam/modal/ModalActivity;,onButtonClicked,['Click']
Lcom/urbanairship/iam/view/InAppButtonLayout$1;,onClick,['Click']
Lcom/urbanairship/iam/view/InAppButtonLayout$ButtonClickListener;,onButtonClicked,['Click']
