Lcom/appflood/AFBannerView$6;,onClick,"('Click',)"
Lcom/appflood/AFBannerView;,getHeight,"('Height',)"
Lcom/appflood/AFBannerView;,getLocationOnScreen,"('Location',)"
Lcom/appflood/AFBannerView;,getSuggestedMinimumHeight,"('Height',)"
Lcom/appflood/AFBannerView;,getSuggestedMinimumWidth,"('id',)"
Lcom/appflood/AFBannerView;,getWidth,"('id',)"
Lcom/appflood/AFBannerView;,isClickable,"('Click',)"
Lcom/appflood/AFBannerView;,onClick,"('Click',)"
Lcom/appflood/AFBannerView;,setOnClickListener,"('Click',)"
Lcom/appflood/AFFullScreenActivity;,onClick,"('Click',)"
Lcom/appflood/AFInterstitialActivity;,onClick,"('Click',)"
Lcom/appflood/AFListActivity$3;,onClick,"('Click',)"
Lcom/appflood/AFListActivity$a;,setDivider,"('id',)"
Lcom/appflood/AFListActivity$a;,setDividerHeight,"('Height',)"
Lcom/appflood/AFListActivity$a;,setFooterDividersEnabled,"('id',)"
Lcom/appflood/AFListActivity$a;,setHeaderDividersEnabled,"('ad', 'id')"
Lcom/appflood/AFListActivity$b$1;,onClick,"('Click',)"
Lcom/appflood/AFPanelActivity$1;,onClick,"('Click',)"
Lcom/appflood/AppFlood$AFEventDelegate;,onClick,"('Click',)"
Lcom/appflood/AppFlood;,handleAFClick,"('Click',)"
Lcom/appflood/AppFloodAdAdapter$3;,onClick,"('Click',)"
Lcom/appflood/c/a;,onClick,"('Click',)"
Lcom/appflood/c/b;,onClick,"('Click',)"
Lcom/appflood/c/c$8;,onClick,"('Click',)"
Lcom/appflood/c/d$b$1$1$1;,onClick,"('Click',)"
Lcom/appflood/c/d$b$1$1$2;,onClick,"('Click',)"
Lcom/appflood/d/a;,getHeight,"('Height',)"
Lcom/appflood/d/a;,getWidth,"('id',)"
Lcom/appflood/d/a;,onClick,"('Click',)"
Lcom/appflood/f/a;,postInvalidate,"('id',)"
Lcom/appflood/f/a;,setOnClickListener,"('Click',)"
Lcom/appflood/f/b;,getHeight,"('Height',)"
Lcom/appflood/f/b;,getWidth,"('id',)"
Lcom/appflood/f/d;,getHeight,"('Height',)"
Lcom/appflood/f/d;,getWidth,"('id',)"
Lcom/appflood/f/d;,postInvalidate,"('id',)"
Lcom/appflood/f/e;,getHeight,"('Height',)"
Lcom/appflood/f/e;,getWidth,"('id',)"
Lcom/appflood/f/g$3;,onClick,"('Click',)"
Lcom/appflood/f/g;,getHeight,"('Height',)"
Lcom/appflood/f/h;,getHeight,"('Height',)"
Lcom/appflood/f/h;,getWidth,"('id',)"
Lcom/appflood/f/i;,getHeight,"('Height',)"
Lcom/appflood/f/i;,getWidth,"('id',)"
Lcom/appflood/f/i;,postInvalidate,"('id',)"
Lcom/appflood/mraid/AFBannerWebView$1;,onClick,"('Click',)"
Lcom/appflood/mraid/AFBannerWebView$LogJs$1$1;,onClick,"('Click',)"
Lcom/appflood/mraid/AFBannerWebView$LogJs;,showVideoPlayer,"('id',)"
Lcom/appflood/mraid/AFBannerWebView$b;,shouldOverrideUrlLoading,"('ad', 'id')"
Lcom/appflood/mraid/AFBannerWebView;,getHeight,"('Height',)"
Lcom/appflood/mraid/AFBannerWebView;,getLocationOnScreen,"('Location',)"
Lcom/appflood/mraid/AFBannerWebView;,getWidth,"('id',)"
Lcom/appflood/mraid/AFBannerWebView;,isClickable,"('Click',)"
Lcom/appflood/mraid/AFBannerWebView;,setClickable,"('Click',)"
Lcom/appflood/mraid/AFBannerWebView;,setOnClickListener,"('Click',)"
Lcom/appflood/mraid/MraidBrowserActivity$1;,shouldOverrideUrlLoading,"('ad', 'id')"
Lcom/appflood/mraid/k$1;,onClick,"('Click',)"
Lcom/appflood/mraid/p$4;,onClick,"('Click',)"
Lcom/google/ads/AdSize;,getHeight,"('Height',)"
Lcom/google/ads/AdSize;,getWidth,"('id',)"
